{"blend": {"func": "add", "srcrgb": "srcalpha", "dstrgb": "1-srcalpha"}, "vertex": "rendertype_beacon_beam", "fragment": "rendertype_beacon_beam", "attributes": ["Position", "Color", "UV0"], "samplers": [{"name": "Sampler0"}], "uniforms": [{"name": "ModelViewMat", "type": "matrix4x4", "count": 16, "values": [1.0, 0.0, 0.0, 0.0, 0.0, 1.0, 0.0, 0.0, 0.0, 0.0, 1.0, 0.0, 0.0, 0.0, 0.0, 1.0]}, {"name": "ProjMat", "type": "matrix4x4", "count": 16, "values": [1.0, 0.0, 0.0, 0.0, 0.0, 1.0, 0.0, 0.0, 0.0, 0.0, 1.0, 0.0, 0.0, 0.0, 0.0, 1.0]}, {"name": "ColorModulator", "type": "float", "count": 4, "values": [1.0, 1.0, 1.0, 1.0]}, {"name": "FogStart", "type": "float", "count": 1, "values": [0.0]}, {"name": "FogEnd", "type": "float", "count": 1, "values": [1.0]}, {"name": "FogColor", "type": "float", "count": 4, "values": [0.0, 0.0, 0.0, 0.0]}, {"name": "GameTime", "type": "float", "count": 1, "values": [0.0]}]}